Дата создания;Начало;Окончание;Парк;Создатель;"Название акции";Код;Статус
23.05.2023;23.05.2023;31.12.2023;Сургут;"Ксения Давара";"Оплата на сайте (часовой) Сургут";CC154aHZz;"Не использован"
23.05.2023;23.05.2023;31.12.2023;Сургут;"Ксения Давара";"Оплата на сайте (часовой) Сургут";CK154ayju;"Не использован"
23.05.2023;23.05.2023;31.12.2023;Сургут;"Ксения Давара";"Оплата на сайте (часовой) Сургут";Sr154axfj;"Не использован"
23.05.2023;23.05.2023;31.12.2023;Сургут;"Ксения Давара";"Оплата на сайте (часовой) Сургут";Pj154aBsc;"Не использован"
23.05.2023;23.05.2023;31.12.2023;Сургут;"Ксения Давара";"Оплата на сайте (часовой) Сургут";hK154ausR;"Не использован"
23.05.2023;23.05.2023;31.12.2023;Сургут;"Ксения Давара";"Оплата на сайте (часовой) Сургут";Ke154aOLy;"Не использован"
23.05.2023;23.05.2023;31.12.2023;Сургут;"Ксения Давара";"Оплата на сайте (часовой) Сургут";kR154aKJq;"Не использован"
23.05.2023;23.05.2023;31.12.2023;Сургут;"Ксения Давара";"Оплата на сайте (часовой) Сургут";Ly154aEqU;"Не использован"
23.05.2023;23.05.2023;31.12.2023;Сургут;"Ксения Давара";"Оплата на сайте (часовой) Сургут";KJ154abKw;"Не использован"
23.05.2023;23.05.2023;31.12.2023;Сургут;"Ксения Давара";"Оплата на сайте (часовой) Сургут";KJ154abKw;"Не использован"
23.05.2023;23.05.2023;31.12.2023;Сургут;"Ксения Давара";"Оплата на сайте (часовой) Сургут";Sf154aIxZ;"Не использован"
23.05.2023;23.05.2023;31.12.2023;Сургут;"Ксения Давара";"Оплата на сайте (часовой) Сургут";nh154aKNo;"Не использован"
23.05.2023;23.05.2023;31.12.2023;Сургут;"Ксения Давара";"Оплата на сайте (часовой) Сургут";Iv154arXJ;"Не использован"
23.05.2023;23.05.2023;31.12.2023;Сургут;"Ксения Давара";"Оплата на сайте (часовой) Сургут";FU154aeIo;"Не использован"
23.05.2023;23.05.2023;31.12.2023;Сургут;"Ксения Давара";"Оплата на сайте (часовой) Сургут";Yq154aCvW;"Не использован"
23.05.2023;23.05.2023;31.12.2023;Сургут;"Ксения Давара";"Оплата на сайте (часовой) Сургут";Wa154alng;"Не использован"
23.05.2023;23.05.2023;31.12.2023;Сургут;"Ксения Давара";"Оплата на сайте (часовой) Сургут";XG154agQF;"Не использован"
23.05.2023;23.05.2023;31.12.2023;Сургут;"Ксения Давара";"Оплата на сайте (часовой) Сургут";IF154aFGZ;"Не использован"
23.05.2023;23.05.2023;31.12.2023;Сургут;"Ксения Давара";"Оплата на сайте (часовой) Сургут";hc154aikc;"Не использован"
23.05.2023;23.05.2023;31.12.2023;Сургут;"Ксения Давара";"Оплата на сайте (часовой) Сургут";gV154aNhT;"Не использован"
23.05.2023;23.05.2023;31.12.2023;Сургут;"Ксения Давара";"Оплата на сайте (часовой) Сургут";nN154aDwA;"Не использован"
23.05.2023;23.05.2023;31.12.2023;Сургут;"Ксения Давара";"Оплата на сайте (часовой) Сургут";PG154aXSX;"Не использован"
23.05.2023;23.05.2023;31.12.2023;Сургут;"Ксения Давара";"Оплата на сайте (часовой) Сургут";dZ154aExr;"Не использован"
23.05.2023;23.05.2023;31.12.2023;Сургут;"Ксения Давара";"Оплата на сайте (часовой) Сургут";Kv154ajVU;"Не использован"
23.05.2023;23.05.2023;31.12.2023;Сургут;"Ксения Давара";"Оплата на сайте (часовой) Сургут";IV154anRD;"Не использован"
23.05.2023;23.05.2023;31.12.2023;Сургут;"Ксения Давара";"Оплата на сайте (часовой) Сургут";pS154aoPZ;"Не использован"
23.05.2023;23.05.2023;31.12.2023;Сургут;"Ксения Давара";"Оплата на сайте (часовой) Сургут";sf154aZjV;"Не использован"
23.05.2023;23.05.2023;31.12.2023;Сургут;"Ксения Давара";"Оплата на сайте (часовой) Сургут";Vu154aGtp;"Не использован"
23.05.2023;23.05.2023;31.12.2023;Сургут;"Ксения Давара";"Оплата на сайте (часовой) Сургут";cJ154ayOv;"Не использован"
